{
    "rmse": 7611.801306349141,
    "mae": 6553.054086927097,
    "r2": 0.322629951104655
}