{
    "rmse": 6514.753846831365,
    "mae": 5388.66300591577,
    "r2": 0.5038110079721428
}